,lon,lat
1,-87.6260659,41.8926952
2,-86.158068,39.768403
4,-72.5382209,42.9289731
5,-119.4179324,36.778261
7,-88.1535352,41.7508391
8,-106.346771,56.130366
9,-76.6412712,39.0457549
10,0.3230151,51.4784037
11,-0.1601246,52.9451889
12,-81.3792365,28.5383355
13,-0.1277583,51.5073509
14,-74.0059728,40.7127753
15,-79.3831843,43.653226
16,-97.2691812,32.6720777
17,-116.5765035,53.9332706
18,-122.4194155,37.7749295
19,-94.6858998,46.729553
20,-77.0074765,38.9778882
21,-81.5157535,27.6648274
22,-76.6121893,39.2903848
23,-79.508276,43.8372079
24,-71.0588801,42.3600825
25,-122.801094,49.1044302
27,-66.4619164,46.5653163
28,-99.9018131,31.9685988
29,-82.7637127,28.0780718
30,-73.8648268,40.8447819
31,-83.555212,41.6639383
33,-76.6121893,39.2903848
34,-95.712891,37.09024
35,-81.264421,42.918807
36,-73.8648268,40.8447819
37,-106.346771,56.130366
38,-79.3831843,43.653226
39,-82.907123,40.4172871
40,-106.346771,56.130366
41,-79.6441198,43.5890452
42,-82.9976742,38.7317431
43,-74.0059728,40.7127753
44,-73.9441579,40.6781784
45,-89.3985283,40.6331249
46,-74.0059728,40.7127753
48,-74.0059728,40.7127753
50,-95.712891,37.09024
51,-73.9523597,40.8853773
52,-95.712891,37.09024
53,-84.3879824,33.7489954
54,-79.3831843,43.653226
55,-88.7878678,43.7844397
56,-81.5157535,27.6648274
57,-76.6121893,39.2903848
58,-95.2091006,29.6910625
60,-73.8490111,43.0009086
61,-71.0588801,42.3600825
62,-89.2167501,37.7272727
64,-77.0368707,38.9071923
65,-118.2436849,34.0522342
66,-74.4056612,40.0583238
67,-94.6858998,46.729553
68,-75.6971931,45.4215296
69,-63.744311,44.6819866
71,-77.0368707,38.9071923
72,-84.3879824,33.7489954
73,-79.7990319,43.3255196
74,-89.4012302,43.0730517
75,-95.712891,37.09024
76,-84.1446376,34.0028786
78,6.1431577,46.2043907
80,-104.990251,39.7392358
81,-77.6109219,43.16103
82,-84.1916069,39.7589478
85,-87.6297982,41.8781136
86,-118.2436849,34.0522342
87,-73.1951767,41.1865478
88,-86.5861037,34.7303688
89,-84.2012897,30.8774132
90,-89.3820321,38.0803286
91,-73.1951767,41.1865478
92,-73.9441579,40.6781784
93,-99.9018131,31.9685988
94,-71.0588801,42.3600825
95,-71.0688334,42.3631542
96,-99.9018131,31.9685988
97,-77.0368707,38.9071923
98,-74.4056612,40.0583238
100,-87.9064736,43.0389025
102,-71.5495101,41.9220496
105,-93.097702,41.8780025
106,-85.0979973,33.2776182
108,-95.712891,37.09024
109,-2.13125,49.214439
110,-122.4194155,37.7749295
111,-80.2213477,40.5169767
112,-77.0368707,38.9071923
113,-122.169719,37.4274745
114,-97.330053,37.6871761
116,-85.323214,51.253775
117,-89.3985283,40.6331249
118,-57.6604364,53.1355091
120,-77.4360481,37.5407246
126,-79.0192997,35.7595731
127,-73.9865533,40.7263542
128,-95.712891,37.09024
130,-87.6720944,42.0039015
131,-84.2171424,33.8545479
132,-119.4179324,36.778261
133,-82.4571776,27.950575
137,-79.8711024,43.2557206
138,-88.9946702,40.5122833
139,-73.975694,40.8270448
140,-70.8226541,43.9653889
141,-78.898619,35.9940329
142,-122.2711137,37.8043637
143,-117.946137,33.9318591
144,-88.0683955,41.6986416
145,-119.4179324,36.778261
146,-77.0368707,38.9071923
147,-73.9441579,40.6781784
148,-79.3831843,43.653226
149,-82.907123,40.4172871
151,-106.6055534,35.0853336
152,-95.712891,37.09024
153,-86.7522107,33.5009384
154,-73.7948516,40.7282239
155,-73.9441579,40.6781784
156,79.6368375,20.7938803
157,-89.4012302,43.0730517
158,-111.6547075,35.1851895
159,-82.4571776,27.950575
160,-95.712891,37.09024
161,-63.5752387,44.6487635
162,-74.0059728,40.7127753
163,-93.2650108,44.977753
164,-73.9441579,40.6781784
165,-119.4179324,36.778261
166,-84.3879824,33.7489954
167,-90.1994042,38.6270025
168,-81.655651,30.3321838
169,-86.0341463,34.6723069
170,-73.9441579,40.6781784
171,-88.4856042,38.6689364
172,-80.1289321,26.3683064
173,-73.1151117,40.7692649
175,-102.3676431,31.8456816
176,-93.2650108,44.977753
178,-77.0368707,38.9071923
179,-77.5105107,38.8065053
180,-92.4801989,44.0121221
181,-149.0729714,62.4113634
183,-119.4179324,36.778261
184,-78.6381787,35.7795897
187,-88.7878678,43.7844397
188,-97.5721341,35.4743537
189,-95.712891,37.09024
190,-81.7981908,41.4819932
191,-80.2481666,43.5448048
193,-111.880771,40.8893895
194,-71.4774291,41.5800945
195,-149.4936733,64.2008413
196,-76.6121893,39.2903848
198,-1.1743197,52.3555177
200,-89.6501481,39.7817213
201,-87.9064736,43.0389025
202,-97.6965277,48.081342
203,-74.0059728,40.7127753
204,-73.6709626,41.4614825
206,-87.6297982,41.8781136
207,-73.134961,40.789142
208,-82.05077,29.063309
209,-75.1652215,39.9525839
210,-70.861985,41.991213
211,-97.4780954,35.6528323
212,-87.9064736,43.0389025
213,-75.1652215,39.9525839
214,-7.6920536,53.1423672
215,-79.3831843,43.653226
216,-77.0947092,38.984652
217,-82.3940104,34.8526176
218,-95.712891,37.09024
219,-83.5070203,35.6531943
220,-74.0059728,40.7127753
221,-85.323214,51.253775
222,-95.712891,37.09024
223,-106.346771,56.130366
224,-117.2933038,49.4946682
226,-106.346771,56.130366
227,-122.0873174,37.7086449
232,-122.2348432,47.3809335
233,-119.4179324,36.778261
234,-87.5710898,37.9715592
236,-85.7584557,38.2526647
237,-95.712891,37.09024
240,-71.0588801,42.3600825
241,-77.1945247,41.2033216
242,-93.2922989,37.2089572
243,-85.7584557,38.2526647
245,-77.0368707,38.9071923
247,-120.7401385,47.7510741
248,-119.4179324,36.778261
249,-72.9254428,41.3535161
250,-84.5037164,38.0405837
251,-73.9441579,40.6781784
252,-81.5157535,27.6648274
253,-91.7857092,43.3033056
254,-71.0994968,42.3875968
255,-87.9064736,43.0389025
256,-74.0059728,40.7127753
257,-74.0059728,40.7127753
258,-89.4012302,43.0730517
259,-77.4291298,39.0066993
260,-66.9036063,10.4805937
262,-84.3879824,33.7489954
263,-77.0947092,38.984652
264,-120.5542012,43.8041334
265,-95.9979883,41.2523634
266,-87.6297982,41.8781136
267,-105.2551187,54.5259614
268,-79.2317521,43.7764258
270,-81.6943605,41.49932
273,-106.346771,56.130366
274,-88.8853078,30.3960318
275,-75.5276699,38.9108325
276,-102.552784,23.634501
277,-87.6297982,41.8781136
280,-79.0192997,35.7595731
281,-90.0489801,35.1495343
284,-91.2395807,43.8013556
285,-106.6055534,35.0853336
286,-81.5157535,27.6648274
287,-73.567256,45.5016889
288,-79.508276,43.8372079
289,-71.5215024,41.7036711
290,-88.7878678,43.7844397
292,-83.0457538,42.331427
293,-94.5785667,39.0997265
294,-75.6971931,45.4215296
295,-81.1637245,33.836081
300,-87.7539448,41.8455877
301,-122.4014193,37.4337342
302,-95.712891,37.09024
303,-116.419389,38.8026097
304,-86.7816016,36.1626638
305,-93.2009998,44.9374831
306,-89.3985283,40.6331249
307,-76.6121893,39.2903848
309,-81.5157535,27.6648274
311,-78.9429329,43.8975446
312,-120.8958242,38.8375215
313,-85.0144124,41.0706042
314,-104.8319195,39.7294319
315,-95.9979883,41.2523634
316,-95.9979883,41.2523634
317,-74.0059728,40.7127753
318,-86.5804473,35.5174913
321,10.451526,51.165691
322,-73.9441579,40.6781784
323,-73.087749,41.6032207
324,-95.712891,37.09024
325,-104.8213634,38.8338816
326,-81.5190053,41.0814447
327,-99.9018131,31.9685988
328,-122.2913078,37.8271784
330,-83.6513229,41.3747744
331,-95.712891,37.09024
332,-88.0797933,41.9847504
333,-73.93958,40.803874
334,-119.4179324,36.778261
335,-88.7878678,43.7844397
336,-5.2841177,35.6196262
338,-74.4056612,40.0583238
339,-79.366393,46.222198
340,-79.3831843,43.653226
341,-73.7948516,40.7282239
342,-84.4277001,33.6407282
343,-73.8648268,40.8447819
344,-74.1143091,40.6687141
345,-77.1945247,41.2033216
346,-99.9018131,31.9685988
347,-87.9064736,43.0389025
348,-83.9185323,37.8592479
350,-87.6297982,41.8781136
352,-85.3096801,35.0456297
354,-96.7298519,32.9483335
355,-88.2825668,42.0354084
357,-73.7845768,41.0050977
358,-85.323214,51.253775
359,-81.3792365,28.5383355
360,-73.087749,41.6032207
361,-82.3248262,29.6516344
362,-75.1926937,40.1416782
363,-75.1652215,39.9525839
364,-79.2468626,43.1593745
365,-99.9018131,31.9685988
366,-93.711332,41.5772115
369,-82.4571776,27.950575
370,-73.087749,41.6032207
371,-116.419389,34.9592083
372,-5.0527125,50.2660471
373,-76.3036051,36.860402
374,77.2090212,28.6139391
376,-76.2858726,36.8507689
377,-85.6023643,44.3148443
378,-74.0337382,42.7006324
379,-71.0588801,42.3600825
380,-87.6297982,41.8781136
381,-102.4107493,34.2331373
382,-106.346771,56.130366
383,-87.6297982,41.8781136
384,-95.0193728,29.6657838
385,-118.2436849,34.0522342
387,-72.405239,41.3503671
388,-90.5720803,41.453089
389,-77.0909809,38.8816208
390,-71.5723953,43.1938516
391,-77.7199932,39.6417629
392,-97.0150078,32.9545687
393,-93.2726657,44.748941
394,-95.712891,37.09024
395,-52.7424429,47.6212101
396,-2.6103158,53.2326344
397,-74.0059728,40.7127753
398,-81.6326234,38.3498195
399,-73.9441579,40.6781784
400,-86.7816016,36.1626638
403,-74.0059728,40.7127753
404,-76.6412712,39.0457549
406,-87.1610807,30.5993603
408,-97.5164276,35.4675602
410,-97.5164276,35.4675602
411,-77.1945247,41.2033216
412,-83.7343443,33.5178968
413,-81.5157535,27.6648274
414,-81.1637245,33.836081
415,45.079162,23.885942
416,-71.0588801,42.3600825
417,-77.0368707,38.9071923
418,-79.9958864,40.4406248
419,-77.0368707,38.9071923
420,-86.954437,33.4017766
422,-94.8337259,39.8573561
426,-75.9588656,42.1198105
427,-90.2290098,39.733936
428,-74.0059728,40.7127753
429,-119.4179324,36.778261
431,-86.5861037,34.7303688
432,-74.0059728,40.7127753
433,-95.6890185,39.0558235
434,-77.0368707,38.9071923
436,-149.4936733,64.2008413
438,-77.0368707,38.9071923
439,-74.1500469,40.7936744
440,8.468946,60.472024
441,-84.3879824,33.7489954
442,-82.907123,40.4172871
443,-77.0368707,38.9071923
444,-119.4179324,36.778261
445,-80.1917902,25.7616798
447,-77.026088,38.9906657
448,-71.0588801,42.3600825
449,-81.4023356,40.875891
450,-89.4012302,43.0730517
451,-80.6692352,35.0768141
452,-82.907123,40.4172871
453,-87.5031397,44.4583321
454,-73.9441579,40.6781784
455,-80.1373174,26.1224386
457,-80.1373174,26.1224386
458,-80.1917902,25.7616798
459,-78.8783689,42.8864468
460,-80.973977,34.2143159
463,-87.6297982,41.8781136
464,-77.0947092,38.984652
466,-71.39857,41.859778
468,-74.0059728,40.7127753
469,-74.1371832,40.0578384
470,-87.6297982,41.8781136
471,-95.712891,37.09024
472,-87.6297982,41.8781136
473,-86.1089301,42.7875235
474,-71.4508394,41.6443772
475,-78.898619,35.9940329
477,-122.788377,45.4604
478,-75.1652215,39.9525839
479,-77.0368707,38.9071923
480,-94.6858998,46.729553
482,-80.0942087,26.9342246
486,-77.0368707,38.9071923
487,-87.6297982,41.8781136
488,-73.9441579,40.6781784
490,-81.8552196,41.143245
491,-74.4056612,40.0583238
492,15.2551187,54.5259614
493,-9.0567905,53.270668
495,-66.063308,45.2733153
496,-79.0192997,35.7595731
497,-85.0322444,33.0362218
498,-74.0059728,40.7127753
499,-105.7820674,39.5500507
501,-98.4842465,39.011902
502,-77.0368707,38.9071923
503,-86.158068,39.768403
505,-75.4142592,40.6314858
506,-82.3940104,34.8526176
508,-93.847129,33.9456692
509,-85.323214,51.253775
510,-71.8740408,42.5588467
511,18.643501,60.128161
512,-83.1582451,40.0333961
513,0.121817,52.205337
514,-84.3879824,33.7489954
515,-95.712891,37.09024
516,-77.0368707,38.9071923
519,-82.9000751,32.1656221
521,-79.6441198,43.5890452
522,-84.9510542,34.502587
523,-75.6971931,45.4215296
527,-81.1637245,33.836081
528,-74.0059728,40.7127753
529,-82.9987942,39.9611755
530,-79.3831843,43.653226
531,-3.435973,55.378051
532,-77.6109219,43.16103
533,-86.39027,35.8456213
534,-95.712891,37.09024
535,-71.0588801,42.3600825
536,-76.1783739,40.0466571
537,-75.1946248,40.9867609
538,-74.3587473,40.0918895
539,-75.9652117,40.329537
541,-77.0909809,38.8816208
542,-74.9322596,40.2283371
543,-93.7426091,36.4111641
544,-77.6109219,43.16103
545,-81.3792365,28.5383355
547,-77.2497049,38.6581722
548,-117.8531007,33.7879139
549,-82.3248262,29.6516344
550,-95.712891,37.09024
551,-0.40965,53.0003079
552,-75.9663221,40.4470377
553,-76.6121893,39.2903848
554,-81.8723084,26.640628
555,-75.1821597,39.7818322
556,-74.4056612,40.0583238
557,-81.3792365,28.5383355
558,-95.712891,37.09024
560,-76.9240422,38.8485264
561,-77.2883157,38.9981652
562,-95.712891,37.09024
563,-7.6920536,53.1423672
564,-117.1610838,32.715738
565,-77.6930602,43.2097837
566,-79.0192997,35.7595731
567,-78.8783689,42.8864468
568,-86.7816016,36.1626638
569,-104.990251,39.7392358
570,-75.2854622,40.0067785
572,8.227512,46.818188
573,-115.1745559,36.1023715
574,-86.7816016,36.1626638
575,-105.5141639,39.8019322
577,-74.0059728,40.7127753
578,-1.1743197,52.3555177
579,-86.7816016,36.1626638
580,-87.6297982,41.8781136
581,-93.2185144,36.6436731
584,-74.0059728,40.7127753
585,-73.087749,41.6032207
586,-74.0059728,40.7127753
587,-106.346771,56.130366
588,-112.0740373,33.4483771
590,-93.2922989,37.2089572
591,-78.898619,35.9940329
592,-71.3824374,42.4072107
593,-71.0588801,42.3600825
594,-77.3063733,38.8462236
595,-82.3248262,29.6516344
596,-104.990251,39.7392358
598,-85.323214,51.253775
599,-85.4807825,32.6098566
600,-83.0457538,42.331427
602,-81.8661442,28.0582985
603,-98.4422802,35.1592256
605,-81.8723084,26.640628
606,-99.9018131,31.9685988
607,-63.616672,-38.416097
608,-80.3582261,27.2730492
610,-2.13125,49.214439
612,-86.80249,33.5206608
613,-82.6716892,30.0363105
614,-87.6297982,41.8781136
616,-73.5996472,41.0340436
617,-120.5542012,43.8041334
619,-97.5164276,35.4675602
620,-76.5319854,3.4516467
621,-84.3879824,33.7489954
623,73.8567437,18.5204303
624,-1.0872979,53.9599651
626,-79.0192997,35.7595731
628,-79.0192997,35.7595731
629,-74.0059728,40.7127753
630,-119.4179324,36.778261
631,-79.3831843,43.653226
632,-76.6412712,39.0457549
634,-88.0314174,43.2159232
635,-78.951451,38.4852928
636,-95.712891,37.09024
637,-86.158068,39.768403
638,-86.902298,32.3182314
639,-79.0558445,35.9131996
640,-84.3867961,33.7590037
641,-87.808218,41.962051
642,-95.9618958,36.0404924
643,-66.4619164,46.5653163
644,-80.8431267,35.2270869
645,-105.8700901,34.5199402
646,-74.0059728,40.7127753
647,-79.786968,45.091189
648,-88.1535352,41.7508391
649,-79.0377388,43.0962143
650,-77.0368707,38.9071923
651,-95.712891,37.09024
652,-85.323214,51.253775
653,-74.7361013,40.3016375
654,-122.0575434,37.387474
656,-83.357567,33.9519347
657,-74.0059728,40.7127753
658,-84.5120196,39.1031182
661,-111.0937311,34.0489281
662,-83.1876578,35.9670412
663,-73.8648268,40.8447819
664,121.774017,12.879721
665,-71.3824374,42.4072107
666,-106.346771,56.130366
667,-86.5804473,35.5174913
668,-77.0368707,38.9071923
669,-73.7948516,40.7282239
670,-76.6412712,39.0457549
671,-95.9808179,36.7473114
672,-74.0337382,42.7006324
673,-90.1994042,38.6270025
674,-106.346771,56.130366
675,-119.4179324,36.778261
676,-86.5263857,39.165325
677,-75.4901833,40.6084305
678,-93.6344466,44.9073415
680,-81.5157535,27.6648274
681,-75.1652215,39.9525839
682,38.1899782,24.0231757
685,-81.0998342,32.0835407
686,-104.7091322,40.4233142
687,-75.1652215,39.9525839
688,-74.0059728,40.7127753
689,-119.4179324,36.778261
690,-73.087749,41.6032207
691,-75.1652215,39.9525839
692,-95.3698028,29.7604267
693,-77.0368707,38.9071923
694,-94.5785667,39.0997265
695,-74.0059728,40.7127753
696,-96.7969879,32.7766642
699,-119.4179324,36.778261
700,-106.346771,56.130366
701,-80.1917902,25.7616798
703,19.040235,47.497912
704,-79.0192997,35.7595731
705,-74.0059728,40.7127753
706,-117.7286809,33.5805638
707,-119.4179324,36.778261
709,-79.9958864,40.4406248
710,-87.9064736,43.0389025
714,-74.0059728,40.7127753
715,-79.0558445,35.9131996
716,-95.712891,37.09024
717,-93.2650108,44.977753
719,73.797545,18.6192221
720,-76.6121893,39.2903848
721,-106.346771,56.130366
723,-77.1945247,41.2033216
725,-95.712891,37.09024
727,-92.5422159,45.1687912
728,-90.5631829,40.1211577
729,-79.3831843,43.653226
730,-113.5684164,37.0965278
732,-79.3831843,43.653226
733,-85.7584557,38.2526647
737,-74.4056612,40.0583238
740,-80.8431267,35.2270869
742,35.9283716,31.9453666
743,-115.1745559,36.1023715
744,-89.8978439,29.8957605
745,-3.435973,55.378051
746,-95.712891,37.09024
747,-95.712891,37.09024
748,-66.063308,45.2733153
749,-95.9464674,36.0177239
750,-81.7229086,41.4047742
754,-87.8567276,41.9005865
755,-73.087749,41.6032207
760,-79.3831843,43.653226
761,-80.2268613,43.5320995
763,-95.2330859,29.459031
764,-78.4766781,38.0293059
765,-104.9877597,39.6477653
766,-75.1652215,39.9525839
767,-95.712891,37.09024
768,-74.2776468,40.6081591
771,-77.4360481,37.5407246
772,-96.3344068,30.627977
773,-97.2742853,32.8933534
774,-74.0059728,40.7127753
775,-79.3831843,43.653226
776,-84.5555347,42.732535
777,-74.0059728,40.7127753
779,-104.9371993,40.0991506
781,-73.5501752,45.5220275
782,-73.9934387,40.7505045
784,-95.712891,37.09024
786,-73.5270709,40.6687125
787,-84.3879824,33.7489954
789,-96.3304465,30.624139
792,-77.7199932,39.6417629
793,-74.0059728,40.7127753
794,-78.8783689,42.8864468
795,-120.5542012,43.8041334
796,-80.2481666,43.5448048
797,-77.0368707,38.9071923
798,-95.712891,37.09024
799,-0.1601246,52.9451889
800,-82.9000751,32.1656221
802,-79.3741834,44.919643
803,-74.7909125,40.2599864
804,-95.6822612,29.8657209
806,-79.0558445,35.9131996
808,-73.9865533,40.7263542
809,-74.2401609,40.8298006
810,-86.1219155,38.2120121
811,-85.7584557,38.2526647
812,-94.3784684,38.910203
814,-122.2913078,37.8271784
815,-6.4157225,38.4225303
816,-82.445154,38.4192496
817,-88.49765,17.189877
818,-73.6981858,40.8256561
820,-95.2330859,29.459031
822,-95.3698028,29.7604267
823,-84.3879824,33.7489954
824,-74.0059728,40.7127753
825,-82.7535049,39.8842304
826,-95.712891,37.09024
827,-63.5677427,44.6652059
830,-84.7915999,39.2536967
831,-95.3698028,29.7604267
832,-74.0059728,40.7127753
833,-86.902298,32.3182314
834,-75.1195107,39.8227054
835,-93.9993996,44.1635775
836,8.227512,46.818188
837,-95.3698028,29.7604267
838,-95.712891,37.09024
839,-106.346771,56.130366
840,124.8420794,1.4748305
841,4.3662756,49.5084965
842,-77.0947092,38.984652
843,-84.3879824,33.7489954
844,-82.9987942,39.9611755
845,-80.8431267,35.2270869
846,-81.0348144,34.0007104
847,-85.6680863,42.9633599
848,-79.9958864,40.4406248
849,-71.0588801,42.3600825
850,-79.0192997,35.7595731
851,-89.3985283,32.3546679
852,45.0430369,41.5225612
853,-80.8431267,35.2270869
854,-77.0368707,38.9071923
855,-75.8813075,41.2459149
857,-85.323214,51.253775
858,113.9060624,-6.9253999
859,-75.4751457,40.6010681
860,-95.712891,37.09024
863,-106.346771,56.130366
864,-99.9018131,31.9685988
865,-85.323214,51.253775
866,-123.1207375,49.2827291
867,-97.7277959,31.1171194
868,-87.0641992,41.6105937
871,-75.1652215,39.9525839
872,-77.0368707,38.9071923
877,-123.1207375,49.2827291
878,-79.9310512,32.7764749
879,-95.712891,37.09024
881,-104.990251,39.7392358
882,-77.0368707,38.9071923
885,-79.9310512,32.7764749
886,-84.3879824,33.7489954
887,-80.2481666,43.5448048
888,-89.0947545,41.3326284
889,-95.712891,37.09024
890,-80.2481666,43.5448048
891,-73.9712488,40.7830603
892,-102.4107493,34.2331373
893,123.7061643,13.123896
895,-71.467566,42.7653662
896,-122.4194155,37.7749295
897,-73.8819999,40.7431785
900,-83.1763145,42.3222599
901,-86.9833417,34.6059253
902,-75.1652215,39.9525839
903,-79.4402808,43.8828401
904,-76.8610462,39.2037144
905,-85.323214,51.253775
906,-91.8318334,35.20105
907,-74.0059728,40.7127753
909,-76.8610462,39.2037144
910,-82.1400923,29.1871986
911,-119.4179324,36.778261
912,-79.9958864,40.4406248
913,-111.0429339,45.6769979
915,-84.3615555,34.0232431
916,-83.0491958,42.3294776
917,-79.9310512,32.7764749
918,-95.712891,37.09024
919,-84.5120196,39.1031182
920,-79.3831843,43.653226
921,-82.9987942,39.9611755
922,-106.346771,56.130366
923,-76.7074571,37.2707022
926,-84.9633148,42.2722641
927,-83.357567,33.9519347
929,-88.0717353,41.9103068
930,-77.7924992,40.7756184
932,-83.357567,33.9519347
933,-86.6513845,36.4703232
934,-106.346771,56.130366
936,-89.3985283,32.3546679
937,-86.8688899,35.9250637
938,-73.9874589,40.6955339
939,-82.05077,29.063309
941,-90.2290098,39.733936
942,-82.9987942,39.9611755
943,-96.1995113,38.4052557
944,-95.3547034,29.7300936
945,-83.1497751,42.6064095
947,-99.9018131,31.9685988
948,-83.357567,33.9519347
950,-111.8389726,40.5649781
951,-2.13125,49.214439
953,-79.0558445,35.9131996
954,-81.2452768,42.9849233
956,-73.7562317,42.6525793
957,-110.7864984,33.3942223
959,-82.6402915,27.7676008
960,-86.7816016,36.1626638
961,-80.1917902,25.7616798
962,-95.9618958,36.0404924
963,-95.712891,37.09024
964,-79.3831843,43.653226
965,-81.1637245,33.836081
968,-112.4768287,41.115791
969,-83.357567,33.9519347
970,-84.1401926,34.2073196
971,-79.3831843,43.653226
972,-63.5752387,44.6487635
973,-79.4084652,45.1841122
974,-79.3831843,43.653226
975,-82.395139,31.193111
976,-87.8211854,42.5847425
977,38.192966,24.0039395
978,-102.4107493,34.2331373
980,-79.3831843,43.653226
981,-88.7878678,43.7844397
983,-77.1945247,41.2033216
984,-86.1152184,30.7210227
986,-4.1426565,50.3754565
987,-86.7816016,36.1626638
989,-78.898619,35.9940329
992,-74.4056612,40.0583238
993,-106.346771,56.130366
996,-85.323214,51.253775
997,-73.9865533,40.7263542
998,-85.323214,51.253775
999,-74.0059728,40.7127753
1002,-78.9429329,43.8975446
1004,-105.0709602,39.8039797
1005,-81.5599277,28.3600613
1006,-74.0059728,40.7127753
1009,-86.158068,39.768403
1010,-72.6239953,41.7203492
1011,-73.8648268,40.8447819
1012,-88.0398912,30.6953657
1013,-81.895771,36.026921
1014,-79.9958864,40.4406248
1015,122.5621063,10.7201501
1016,-75.6971931,45.4215296
1018,4.8951679,52.3702157
1019,-90.3573389,38.5925524
1020,100.5017651,13.7563309
1021,-122.802962,49.0253085
1022,-104.990251,39.7392358
1023,-95.712891,37.09024
1025,-94.9630171,36.693687
1028,-0.1277583,51.5073509
1029,-121.7405167,38.5449065
1030,-91.8318334,37.9642529
1031,-80.094621,32.603865
1032,-94.6858998,46.729553
1033,-74.0059728,40.7127753
1034,-86.8688899,35.9250637
1035,-82.9000751,32.1656221
1036,-76.985557,42.8679836
1037,-74.4056612,40.0583238
1038,-74.4056612,40.0583238
1039,-98.4936282,29.4241219
1040,-87.6297982,41.8781136
1041,-84.406761,33.8372663
1042,-86.2999689,32.3668052
1044,-118.451357,34.1489719
1045,-81.6059581,41.4169974
1046,-82.3248262,29.6516344
1048,-95.3694116,35.9595442
1049,-119.4179324,36.778261
1050,-94.2732642,36.481464
1051,-94.6858998,46.729553
1052,-88.4381029,37.8136583
1053,-86.5804473,35.5174913
1055,-95.712891,37.09024
1056,-82.7873244,27.9094665
1058,-79.5044808,43.7760528
1062,-79.6876659,43.467517
1063,-82.907123,40.4172871
1064,-82.3248262,29.6516344
1065,-77.0204609,38.9771126
1066,-87.7358366,31.9134859
1067,-86.158068,39.768403
1068,-77.4416505,37.3568157
1070,-74.0059728,40.7127753
1071,-83.0457538,42.331427
1072,-82.907123,40.4172871
1073,-75.7496572,39.6837226
1074,-97.7277959,31.1171194
1076,-78.6568942,37.4315734
1078,-85.3105111,34.5439735
1079,0.020101,52.251843
1080,-80.2481666,43.5448048
1081,-71.0588801,42.3600825
1082,-78.6568942,37.4315734
1083,-74.0059728,40.7127753
1084,-95.712891,37.09024
1087,-84.3879824,33.7489954
1088,-84.3879824,33.7489954
1089,-73.9874872,40.6918913
1090,-80.1917902,25.7616798
1091,-87.9889556,41.931696
1092,-61.2335592,10.3757217
1093,-95.712891,37.09024
1094,-84.3879824,33.7489954
1095,-114.9817213,36.0395247
1096,-74.0059728,40.7127753
1097,-74.4056612,40.0583238
1098,-117.6483876,34.09751
1099,-97.1330683,33.2148412
1100,-75.3015714,40.0792766
1101,110.4017339,-7.7647961
1102,-73.9441579,40.6781784
1103,-81.6943605,41.49932
1106,-85.323214,51.253775
1107,-71.5723953,43.1938516
1108,-75.4665158,35.5584932
1110,-72.253572,41.8096926
1111,-87.151359,30.9529611
1112,-97.5164276,35.4675602
1113,-81.3792365,28.5383355
1114,-84.4838654,42.7369792
1115,-149.0729714,62.4113634
1116,-95.2352501,38.9716689
1118,-119.4179324,36.778261
1119,-79.3831843,43.653226
1120,-76.2858726,36.8507689
1121,-89.4012302,43.0730517
1122,-87.6297982,41.8781136
1123,-74.0059728,40.7127753
1124,-79.7624177,43.7315479
1125,-76.8867008,40.2731911
1126,-105.2253316,20.653407
1127,-81.0348144,34.0007104
1128,-80.0997657,26.3184123
1129,-74.4056612,40.0583238
1131,-78.4766781,38.0293059
1132,-74.0059728,40.7127753
1134,-73.8648268,40.8447819
1135,-95.7257968,32.3593117
1136,-89.2903392,31.3271189
1138,-89.2903392,31.3271189
1139,-79.3831843,43.653226
1140,-111.8910474,40.7607793
1141,-119.4179324,36.778261
1142,-89.2903392,31.3271189
1143,-94.6306688,39.0034221
1145,-73.1211715,41.8003049
1147,-74.2090053,40.8259007
1148,-79.9958864,40.4406248
1149,-74.0059728,40.7127753
1150,-87.6297982,41.8781136
1151,-93.0275802,44.8759802
1153,-76.6412712,39.0457549
1154,-83.0457538,42.331427
1156,-71.1631137,42.7070354
1157,-79.3831843,43.653226
1158,-85.323214,51.253775
1161,-119.4179324,36.778261
1162,-118.2436849,34.0522342
1164,-71.4372796,41.7798226
1167,-77.0368707,38.9071923
1168,-91.8318334,37.9642529
1171,-120.7401385,47.7510741
1172,-85.6023643,44.3148443
1173,-75.5276699,38.9108325
1174,-74.4056612,40.0583238
1175,-73.9712488,40.7830603
1176,-79.890161,37.0769153
1179,-84.3879824,33.7489954
1180,-75.1652215,39.9525839
1181,-75.1652215,39.9525839
1182,-74.0059728,40.7127753
1183,-74.0059728,40.7127753
1184,-70.5205436,19.2152609
1185,-75.1652215,39.9525839
1186,-77.8600012,40.7933949
1188,-73.9834916,40.748449
1189,-71.1097335,42.3736158
1190,-83.6093611,38.6881293
1191,-75.4142592,40.6314858
1192,-91.8318334,37.9642529
1193,-83.0457538,42.331427
1194,-74.1723667,40.735657
1195,-84.3879824,33.7489954
1196,-82.9000751,32.1656221
1197,77.2090212,28.6139391
1198,-0.2410195,51.56852
1199,32.5825197,0.3475964
1200,-73.6556848,40.7748231
1201,-74.0059728,40.7127753
1202,-75.1652215,39.9525839
1203,-77.0368707,38.9071923
1206,-95.712891,37.09024
1210,-127.6476205,53.7266683
1211,-75.1652215,39.9525839
1212,-99.9018131,31.9685988
1213,-81.6943605,41.49932
1214,-122.379066,47.809615
1215,-99.9018131,31.9685988
1216,-0.1277583,51.5073509
1217,-112.4455344,42.8713032
1219,-78.539827,35.9510253
1220,-71.0588801,42.3600825
1222,-81.5157535,27.6648274
1223,-97.5164276,35.4675602
1224,-96.195132,41.3148116
1225,-71.0588801,42.3600825
1226,-77.1945247,41.2033216
1227,-79.3831843,43.653226
1228,-90.1994042,38.6270025
1229,-71.0588801,42.3600825
1230,-87.6297982,41.8781136
1231,-84.5555347,42.732535
1232,-75.6971931,45.4215296
1234,-96.7969879,32.7766642
1235,-81.7183733,30.0847449
1238,-75.6971931,45.4215296
1239,-85.9766671,41.6819935
1240,-77.0368707,38.9071923
1241,-106.346771,56.130366
1245,-71.0588801,42.3600825
1246,-117.0991967,32.6781085
1247,-75.1652215,39.9525839
1248,-84.3879824,33.7489954
1249,-77.026088,38.9906657
1250,-95.712891,37.09024
1252,-84.3879824,33.7489954
1253,-95.712891,37.09024
1254,-84.5037164,38.0405837
1255,-77.0469214,38.8048355
1256,-95.712891,37.09024
1259,-80.085059,42.1292241
1260,-74.0059728,40.7127753
1261,-95.712891,37.09024
1262,-96.1342241,19.173773
1263,-97.0969552,33.0145673
1264,-80.8431267,35.2270869
1265,-95.712891,37.09024
1266,-76.4859544,44.2311717
1267,-106.346771,56.130366
1268,-82.3248262,29.6516344
1269,-86.1066526,39.6136578
1270,-74.0059728,40.7127753
1271,-79.9958864,40.4406248
1272,-95.712891,37.09024
1273,-118.376017,34.086541
1274,-75.1652215,39.9525839
1275,-73.7823549,40.9114882
1276,-79.9958864,40.4406248
1277,-84.3879824,33.7489954
1278,-86.2353388,41.7055716
1279,-104.5230242,33.3942655
1280,28.0473051,-26.2041028
1281,-79.8296743,44.4716525
1282,-73.7867428,43.0829453
1284,-77.0368707,38.9071923
1285,-8.224454,39.399872
1286,12.3401709,62.2786475
1287,-57.9502726,48.9489967
1288,-79.9958864,40.4406248
1289,-83.1582451,40.0333961
1290,-115.1745559,36.1023715
1291,-78.898619,35.9940329
1293,5.291266,52.132633
1295,-119.4179324,36.778261
1297,-73.087749,41.6032207
1298,-91.9623327,30.9842977
1299,-73.9733293,40.7604693
1300,-84.3879824,33.7489954
1301,-76.6412712,39.0457549
1302,-3.188267,55.953252
1303,-105.04431,39.7757239
1304,-102.4107493,34.2331373
1305,22.937506,-30.559482
1306,-77.0368707,38.9071923
1308,-66.063308,45.2733153
1310,-95.6890185,39.0558235
1312,-77.3733139,37.6087561
1314,-122.4781917,37.7236257
1316,-84.6305101,41.9200472
1318,-84.3879824,33.7489954
1319,-74.0059728,40.7127753
1320,4.469936,50.503887
1323,-69.4454689,45.253783
1324,-81.1637245,33.836081
1326,-86.5804473,35.5174913
1327,-80.333931,26.1434392
1329,-95.712891,37.09024
1330,-7.6920536,53.1423672
1332,-110.926479,32.2217429
1334,-73.134961,40.789142
1335,-77.0368707,38.9071923
1336,-97.5404389,35.4857595
1339,-77.9447102,34.2257255
1340,-71.0588801,42.3600825
1341,-79.7624177,43.7315479
1342,-0.1923088,51.4925144
1344,-86.2353388,41.7055716
1345,-95.712891,37.09024
1347,-79.7919754,36.0726354
1348,149.2257941,-35.3447474
1351,-91.8318334,37.9642529
1352,-97.330053,37.6871761
1354,72.7097161,31.1704063
1355,-99.9018131,31.9685988
1357,-87.6297982,41.8781136
1358,-81.3792365,28.5383355
1359,-95.712891,37.09024
1360,-95.712891,37.09024
1362,-102.4107493,34.2331373
1363,-95.3698028,29.7604267
1364,-79.0192997,35.7595731
1366,-84.2700179,37.8393332
1367,-71.0588801,42.3600825
1368,-77.0947092,38.984652
1369,-119.4179324,36.778261
1370,-85.1113573,36.4483987
1371,-82.4571776,27.950575
1373,-77.6109219,43.16103
1374,-73.087749,41.6032207
1375,-79.9958864,40.4406248
1376,-123.727678,39.8782944
1377,-80.0905465,26.5317866
1378,-94.6858998,46.729553
1379,-88.2220372,43.1338972
1380,-77.0368707,38.9071923
1381,-74.0059728,40.7127753
1382,-116.5765035,53.9332706
1383,-80.2483423,43.5424072
1384,-81.5157535,27.6648274
1386,-58.5029706,-34.6572422
1387,-80.6533878,28.0716832
1388,-74.0059728,40.7127753
1390,-70.9204133,43.1330641
1391,-80.1289321,26.3683064
1393,-81.378447,40.7989473
1394,-95.712891,37.09024
1395,-99.9018131,31.9685988
1396,-0.1932794,51.5010095
1397,-106.346771,56.130366
1398,-78.8657912,43.8970929
1399,-77.1945247,41.2033216
1400,-95.3698028,29.7604267
1401,-73.087749,41.6032207
1402,-80.8431267,35.2270869
1403,-96.7969879,32.7766642
1404,-71.0588801,42.3600825
1405,-87.5691735,33.2098407
1406,-71.1350575,42.6987024
1407,-99.9018131,41.4925374
1408,-78.898619,35.9940329
1409,-74.0059728,40.7127753
1411,-73.9642915,42.8264652
1412,-0.174936,51.485093
1413,-80.9450759,35.0073697
1415,-81.0717324,35.2359757
1416,79.8268729,11.9297212
1417,-79.9958864,40.4406248
1418,-106.346771,56.130366
1420,101.686855,3.139003
1421,-95.712891,37.09024
1422,-116.419389,34.9592083
1424,-82.907123,40.4172871
1425,-95.712891,37.09024
1427,-107.2902839,43.0759678
1428,-95.5377215,29.6185669
1429,-95.712891,37.09024
1431,-79.9958864,40.4406248
1432,-88.1535352,41.7508391
1433,-104.8319195,39.7294319
1434,-71.0588801,42.3600825
1435,-89.9859158,32.2732024
1437,100.6196553,34.047863
1439,-104.990251,39.7392358
1440,-81.2452768,42.9849233
1441,-79.0192997,35.7595731
1442,-73.567256,45.5016889
1443,-90.9200987,30.2385294
1444,-72.6506488,41.5623209
1445,-73.9968808,40.7249194
1446,-89.3985283,40.6331249
1447,26.1025384,44.4267674
1448,-122.1251418,48.1987118
1449,-81.8811571,36.1843249
1451,-95.6349463,29.6196787
1452,-86.5804473,35.5174913
1453,-70.8772751,42.8125913
1455,-106.346771,56.130366
1456,-79.5394625,43.8430176
1457,-99.9018131,41.4925374
1459,-101.8312969,35.2219971
1461,-74.0059728,40.7127753
1462,-74.0059728,40.7127753
1463,-76.727745,39.9625984
1464,-80.6721749,28.1179545
1465,-95.712891,37.09024
1466,-87.6297982,41.8781136
1467,-84.2700179,37.8393332
1468,-95.712891,37.09024
1469,-76.5629398,38.940564
1470,-74.0059728,40.7127753
1471,-74.0059728,40.7127753
1472,-104.990251,39.7392358
1473,-72.6408139,41.5726229
1474,-77.2013705,39.1434406
1475,-79.3831843,43.653226
1476,-87.4802068,37.3346228
1477,-74.511172,40.3025907
1478,-74.0059728,40.7127753
1480,-71.636864,43.3243931
1481,-66.4619164,46.5653163
1482,-91.8318334,35.20105
1483,-75.8179764,40.4539828
1484,-77.1945247,41.2033216
1485,-94.367996,36.8689554
1486,-77.0368707,38.9071923
1487,-79.0192997,35.7595731
1488,-87.6297982,41.8781136
1489,-87.6297982,41.8781136
1492,-74.0059728,40.7127753
1493,-71.0588801,42.3600825
1494,-99.9018131,31.9685988
1495,-78.6381787,35.7795897
1496,-87.657584,44.0886059
1497,-89.3985283,40.6331249
1498,-93.2650108,44.977753
1499,-76.3541274,39.9978764
1500,-73.9441579,40.6781784
1501,-77.0368707,38.9071923
1502,-76.6121893,39.2903848
1503,-76.8867008,40.2731911
1504,-91.8318334,37.9642529
1505,31.1655799,48.379433
1506,-95.712891,37.09024
1507,-75.4007058,39.9868904
1509,-95.712891,37.09024
1511,-106.346771,56.130366
1513,-78.6381787,35.7795897
1515,20.168331,41.153332
1517,-90.1994042,38.6270025
1518,-84.5120196,39.1031182
1519,-79.6903316,44.3893556
1520,-80.1917902,25.7616798
1521,-95.712891,37.09024
1524,-77.0565616,38.916026
1526,-79.333333,44.766667
1527,-88.6078392,39.599479
1528,-79.0192997,35.7595731
1530,-94.2210237,35.4915705
1532,-79.0772616,43.2549988
1536,-87.677251,34.79981
1537,-84.3879824,33.7489954
1538,-83.9207392,35.9606384
1539,-86.7816016,36.1626638
1540,-87.3016132,36.1459799
1541,-69.4454689,45.253783
1543,53.847818,23.424076
1544,-78.1108342,38.2454106
1545,-87.3877899,36.0770048
1546,-95.712891,37.09024
1547,-95.971261,36.153315
1548,-80.1343585,26.0989338
1549,-74.0059728,40.7127753
1550,-63.5752387,44.6487635
1551,-106.346771,56.130366
1552,-79.6903316,44.3893556
1554,-86.5804473,35.5174913
1555,79.2086621,11.9687124
1557,-120.5542012,43.8041334
1558,-85.6680863,42.9633599
1560,77.2090212,28.6139391
1561,-85.3096801,35.0456297
1562,17.228331,26.3351
1564,-1.9108802,52.4857957
1565,-84.7763511,40.4128241
1567,-79.0192997,35.7595731
1569,-95.712891,37.09024
1570,-76.8099041,18.0178743
1571,6.7766583,50.8993757
1572,76.5761714,33.778175
1573,-94.6858998,46.729553
1574,-119.4179324,36.778261
1575,-85.323214,51.253775
1576,-7.6920536,53.1423672
1578,-83.0363633,42.3149367
1580,-85.0946809,39.2369971
1581,-95.712891,37.09024
1583,-95.712891,37.09024
1586,133.775136,-25.274398
1588,-75.1652215,39.9525839
1589,-74.0059728,40.7127753
1590,-79.3831843,43.653226
1591,-80.2781057,25.8575963
1592,-78.6568942,37.4315734
1593,105.318756,61.52401
1595,-104.990251,39.7392358
1596,-99.9018131,41.4925374
1597,-95.8278807,37.5336711
1598,101.975766,4.210484
1599,-3.435973,55.378051
1601,-95.7257968,32.3593117
1602,-92.5694967,41.9642185
1603,-86.5804473,35.5174913
1604,-0.1277583,51.5073509
1605,-88.4494975,43.7767385
1606,-88.1535352,41.7508391
1607,-85.6023643,44.3148443
1608,-80.1494901,26.0112014
1609,-80.0025028,44.699827
1610,-79.0192997,35.7595731
1612,-75.7012723,45.4765446
1614,-95.712891,37.09024
1615,-1.304734,50.6938479
1616,-74.0059728,40.7127753
1617,-78.8783689,42.8864468
1620,-95.712891,37.09024
1621,-82.7912134,27.8397466
1623,-0.1601246,52.9451889
1624,-82.9824019,39.3331197
1625,-75.6971931,45.4215296
1627,-83.002758,39.974512
1628,-79.3831843,43.653226
1630,-105.937799,35.6869752
1631,-0.1277583,51.5073509
1632,-74.0323626,40.7439905
1633,-80.3582261,27.2730492
1634,-95.712891,37.09024
1635,-83.0457538,42.331427
1637,-0.1277583,51.5073509
1638,-79.3831843,43.653226
1639,-79.3831843,43.653226
1640,-76.6412712,39.0457549
1642,-92.1060949,46.8161783
1643,-52.8076818,47.5206407
1644,-119.4179324,36.778261
1645,-90.6298922,38.7874699
1646,-85.323214,51.253775
1647,-94.6119004,38.8550077
1648,-95.712891,37.09024
1650,-75.5779807,39.0084463
1651,-85.1646726,34.257038
1652,-93.1914909,44.941751
1653,-83.3289999,35.4318032
1655,-99.9018131,31.9685988
1657,-2.337761,52.1035321
1658,-75.5393155,40.2383606
1660,-84.2700179,37.8393332
1662,16.3463791,39.3087714
1663,-89.3985283,32.3546679
1664,-7.6920536,53.1423672
1666,-95.712891,37.09024
1668,133.775136,-25.274398
1669,-74.4056612,40.0583238
1670,-89.0772991,37.7600501
1672,144.793731,13.444304
1673,-120.7401385,47.7510741
1674,-95.712891,37.09024
1676,-95.712891,37.09024
1677,-75.4007058,39.9868904
1678,-75.4007058,39.9868904
1679,-1.1743197,52.3555177
1681,-95.712891,37.09024
1683,-71.4161671,41.7001009
1684,-0.1277583,51.5073509
1685,-87.6297982,41.8781136
1686,-86.338905,41.9464342
1688,-7.6920536,53.1423672
1689,-105.7820674,39.5500507
1690,-86.0066386,34.014264
1691,-79.3831843,43.653226
1693,76.3158307,10.0071689
1696,-95.712891,37.09024
1697,-78.4766781,38.0293059
1698,-106.346771,56.130366
1699,133.775136,-25.274398
1700,-119.6981901,34.4208305
1701,-84.4549262,33.4487257
1702,25.48583,42.733883
1703,-74.0059728,40.7127753
1704,133.775136,-25.274398
1705,-95.712891,37.09024
1706,-84.3879824,33.7489954
1707,-2.6103158,53.2326344
1709,-3.8080783,53.0711149
1710,-95.712891,37.09024
1711,-106.5324513,34.5585685
1712,-95.712891,37.09024
1713,-74.0059728,40.7127753
1714,-106.346771,56.130366
1715,-95.712891,37.09024
1716,-95.712891,37.09024
1717,-73.9441579,40.6781784
1718,-79.8136446,35.7079146
1719,-95.712891,37.09024
1720,-104.990251,39.7392358
1722,-86.7816016,36.1626638
1723,-95.712891,37.09024
1726,-95.712891,37.09024
1727,-95.712891,37.09024
1729,-2.0784138,55.2082542
1730,-95.712891,37.09024
1732,-95.712891,37.09024
1733,-95.712891,37.09024
1734,-95.712891,37.09024
1735,-95.712891,37.09024
1737,-95.712891,37.09024
1738,-95.712891,37.09024
1739,-95.712891,37.09024
1741,-95.712891,37.09024
1743,-74.0059728,40.7127753
1744,-95.712891,37.09024
1745,-95.712891,37.09024
1746,-78.898619,35.9940329
1747,-95.712891,37.09024
1748,-74.0059728,40.7127753
1749,-95.712891,37.09024
1750,-95.712891,37.09024
1751,-95.712891,37.09024
1752,-76.4921829,38.9784453
1753,-122.7853199,45.460249
1754,-83.0457538,42.331427
1756,-77.5160788,37.7772071
1757,-7.6920536,53.1423672
1759,-95.712891,37.09024
1760,-76.4549457,41.003698
1761,-76.7074571,37.2707022
1762,-1.304734,50.6938479
1764,-97.2689212,35.4975625
1765,-95.3423378,35.7323353
1766,-82.907123,40.4172871
1767,-96.6851982,40.8257625
1768,-81.1637245,33.836081
1769,-1.1743197,52.3555177
1771,-95.712891,37.09024
1772,-7.6920536,53.1423672
1773,-2.2426305,53.4807593
1774,133.775136,-25.274398
1777,-82.8963604,42.4974085
1778,-7.6920536,53.1423672
1779,-73.134961,40.789142
1781,151.2092036,-33.8757124
1782,-71.0588801,42.3600825
1783,77.6666424,13.0269171
1785,-99.9018131,31.9685988
1786,-95.3698028,29.7604267
1787,-119.4179324,36.778261
1788,-90.0489801,35.1495343
1789,-95.712891,37.09024
1790,-61.222503,10.691803
1792,-74.0059728,40.7127753
1794,8.227512,46.818188
1795,-76.8967043,34.9032325
1796,-90.1994042,38.6270025
1797,-76.8077338,42.0897965
1798,-118.2436849,34.0522342
1799,77.097488,28.5033463
1800,28.0473051,-26.2041028
1801,-119.4179324,36.778261
1802,-89.3985283,40.6331249
1803,-95.712891,37.09024
1805,-73.9441579,40.6781784
1806,-118.4380477,34.1494083
1807,-95.712891,37.09024
1808,-119.4179324,36.778261
1809,-71.5375718,43.2081366
1810,-5.0527125,50.2660471
1812,-75.2915564,43.1706253
1813,-100.0170787,37.7527982
1814,-81.5157535,27.6648274
1815,-90.704279,35.8422967
1816,-73.8648268,40.8447819
1817,-81.4403898,41.1595005
1818,-95.712891,37.09024
1819,-74.0059728,40.7127753
1820,-90.230759,15.783471
1821,78.486671,17.385044
1822,-7.6920536,53.1423672
1823,-80.1917902,25.7616798
1824,-81.084811,36.9484528
1825,-122.2973129,37.7887421
1828,-79.0685219,43.086774
1829,-122.6764815,45.5230622
1830,-95.712891,37.09024
1831,-2.6103158,53.2326344
1832,-74.0059728,40.7127753
1834,-112.3769433,33.4537813
1835,-120.7401385,47.7510741
1836,-95.712891,37.09024
1837,-87.4053039,46.5333866
1839,-106.346771,56.130366
1840,-79.3831843,43.653226
1841,-0.3299687,47.7632836
1843,-99.9018131,31.9685988
1844,-82.907123,40.4172871
1845,-82.0756734,33.5173577
1846,-2.6103158,53.2326344
1847,-84.2963123,33.7748275
1848,-79.9958864,40.4406248
1850,-81.5157535,27.6648274
1851,-99.9018131,31.9685988
1852,-73.7948516,40.7282239
1853,-77.1945247,41.2033216
1858,-89.3985283,40.6331249
1859,-91.8318334,37.9642529
1860,-81.0998342,32.0835407
1864,-87.9064736,43.0389025
1866,-93.2650108,44.977753
1867,-74.0059728,40.7127753
1868,-87.9334118,42.5530753
1869,-76.9758274,38.9097608
1872,-111.8910474,40.7607793
1874,39.1823829,21.5067904
1875,-95.712891,37.09024
1876,-79.3831843,43.653226
1879,-121.4943996,38.5815719
1881,-1.9927105,51.3491996
1882,-111.0937311,34.0489281
1883,-106.7636538,32.3199396
1884,-123.9400648,49.1658836
1885,-80.1494901,26.0112014
1886,-99.9018131,31.9685988
1888,-77.4360481,37.5407246
1889,-94.1779624,30.3490976
1890,-95.712891,37.09024
1893,-77.1945247,41.2033216
1895,-80.2314591,26.7048887
1896,-116.5765035,53.9332706
1897,-118.2436849,34.0522342
1899,-82.907123,40.4172871
1900,-94.3821724,38.9108408
1901,-78.6000336,43.9345347
1903,-81.5157535,27.6648274
1904,-0.1684935,51.5248616
1905,-84.3879824,33.7489954
1906,-97.5164276,35.4675602
1907,-82.2989803,27.7125308
1908,133.775136,-25.274398
1912,-66.58973,6.42375
1913,-87.6297982,41.8781136
1914,-95.712891,37.09024
1915,-99.9018131,31.9685988
1916,-93.097702,41.8780025
1917,-106.346771,56.130366
1921,-86.5263857,39.165325
1922,-80.0728201,26.4614625
1923,-95.712891,37.09024
1925,-80.9530353,46.522099
1926,-71.3824374,42.4072107
1927,-81.5190053,41.0814447
1928,-73.7175358,41.0238771
1929,-99.9018131,31.9685988
1931,22.937506,-30.559482
1932,-82.4571776,27.950575
1934,-95.712891,37.09024
1935,-79.9958864,40.4406248
1936,-87.7008193,30.2460361
1938,-77.297508,18.109581
1939,-90.1994042,38.6270025
1940,8.675277,9.081999
1941,-99.9018131,31.9685988
1942,-120.7401385,47.7510741
1943,-94.5789156,39.140334
1944,-118.3286614,34.0928092
1945,-149.4936733,64.2008413
1946,0.290472,50.768035
1947,-106.6055534,35.0853336
1948,-80.8431267,35.2270869
1949,-81.6943605,41.49932
1950,-82.8123646,39.8466556
1951,-82.9987942,39.9611755
1952,-73.9441579,40.6781784
1953,-74.0059728,40.7127753
1954,-79.3831843,43.653226
1955,-71.3824374,42.4072107
1956,-81.2452768,42.9849233
1957,-74.0059728,40.7127753
1959,-94.6858998,46.729553
1960,-86.5804473,35.5174913
1961,-79.0192997,35.7595731
1963,-121.8279304,37.1954663
1964,78.96288,20.593684
1965,-73.9441579,40.6781784
1966,-77.1945247,41.2033216
1968,-77.1945247,41.2033216
1969,-79.3831843,43.653226
1970,-95.712891,37.09024
1972,-89.3985283,32.3546679
1973,-90.1994042,38.6270025
1974,-79.3831843,43.653226
1977,-95.712891,37.09024
1978,-85.7613536,33.8137125
1979,-85.323214,51.253775
1980,-99.9018131,31.9685988
1982,-73.9301037,40.6437474
1983,-89.4131356,38.8922687
1984,-86.7816016,36.1626638
1986,-73.9441579,40.6781784
1987,-94.180988,36.139763
1988,-77.1945247,41.2033216
1989,-96.7969879,32.7766642
1990,-79.3831843,43.653226
1991,-77.4360481,37.5407246
1992,-122.6764815,45.5230622
1993,-74.0059728,40.7127753
1994,-75.1652215,39.9525839
1996,-74.4056612,40.0583238
1998,-94.1718542,36.082156
1999,-77.0368707,38.9071923
2000,-74.511172,40.3025907
2001,-87.5900134,37.8361538
2002,-89.970939,46.500277
2003,-117.9859038,35.125801
2004,-77.6524907,39.5062108
2005,-97.4780954,35.6528323
2006,-75.1652215,39.9525839
2007,-86.902298,32.3182314
2010,-77.1945247,41.2033216
2011,-95.712891,37.09024
2012,-73.99153,40.715839
2013,-96.6388833,32.912624
2014,-82.05077,29.063309
2015,-82.9571265,40.1822849
2016,-84.3879824,33.7489954
2017,47.262782,56.1167663
2018,-120.7401385,47.7510741
2020,-91.8318334,37.9642529
2021,-85.6023643,44.3148443
2023,-95.712891,37.09024
2025,-87.0721918,31.1051779
2026,-81.5157535,27.6648274
2027,-89.6501481,39.7817213
2028,-82.4571776,27.950575
2029,107.668887,-7.090911
2030,-81.6943605,41.49932
2031,133.775136,-25.274398
2032,-86.902298,32.3182314
2033,-119.4179324,36.778261
2034,-117.8311428,33.7174708
2035,-95.712891,37.09024
2036,-105.0866504,39.9205411
2037,-79.0192997,35.7595731
2038,-93.6587958,41.5341333
2039,-95.712891,37.09024
2040,-71.4774291,41.5800945
2041,-97.1644685,49.8920611
2042,-73.9441579,40.6781784
2043,77.0544692,28.451752
2044,-71.0588801,42.3600825
2045,-118.2436849,34.0522342
2046,-63.5752387,44.6487635
2047,-119.4179324,36.778261
2048,-95.712891,37.09024
2049,-79.8711024,43.2557206
2052,-108.426307,43.029753
2054,-81.5157535,27.6648274
2055,-95.712891,37.09024
2056,-99.9018131,31.9685988
2057,-85.323214,51.253775
2058,-106.346771,56.130366
2059,-82.0105148,33.4734978
2060,-74.0059728,40.7127753
2061,-71.0588801,42.3600825
2062,-74.0059728,40.7127753
2063,-74.297333,4.570868
2064,-86.5804473,35.5174913
2065,-95.712891,37.09024
2067,-87.5503836,33.2082752
2068,-80.6081089,28.0836269
2069,-104.8771726,39.5807452
2070,-95.712891,37.09024
2071,-118.2120161,33.954737
2073,-73.96785,40.757627
2074,-102.4107493,34.2331373
2075,-95.5407371,37.0849899
2076,-119.4179324,36.778261
2077,-79.7990319,43.3255196
2078,-106.346771,56.130366
2080,-96.7969879,32.7766642
2081,-105.2705456,40.0149856
2083,-95.712891,37.09024
2084,-86.4808043,36.9685219
2085,-95.712891,37.09024
2086,-119.8138027,39.5296329
2087,-82.9000751,32.1656221
2088,-105.2624333,40.0102953
2089,-80.3040424,42.8372632
2090,-75.1652215,39.9525839
2091,-80.0177996,40.4893637
2092,-81.6943605,41.49932
2093,-95.3698028,29.7604267
2094,-86.902298,32.3182314
2095,-99.9018131,31.9685988
2096,-83.1330992,42.6645998
2098,-85.7584557,38.2526647
2099,-73.9878341,40.753298
2101,76.971644,11.000132
2103,-84.4838654,42.7369792
2104,-74.0776417,40.7281575
2106,-73.087749,41.6032207
2107,-99.9018131,31.9685988
2108,-83.0381934,42.3168715
2109,-74.0059728,40.7127753
2110,-88.1064787,43.0605671
2111,-85.6680863,42.9633599
2112,-74.0059728,40.7127753
2113,-93.77236,41.6060873
2114,-71.3824374,42.4072107
2116,-82.4065901,42.974536
2117,-81.5157535,27.6648274
2118,-78.183406,-1.831239
2119,-71.0588801,42.3600825
2120,-78.9219698,40.3267407
2121,-111.0937311,34.0489281
2122,-95.712891,37.09024
2124,-74.2295891,40.41483
2125,-74.0059728,40.7127753
2126,-94.5907857,39.0532974
2127,-95.3259358,29.7803257
2128,-95.712891,37.09024
2129,-89.5192484,34.3664951
2130,-61.2335592,10.3757217
2131,-75.977985,36.8529263
2133,-90.0746767,37.2115595
2134,-119.4179324,36.778261
2135,-80.2461714,40.17396
2136,-122.6209649,45.4299135
2137,-82.5606851,35.6970547
2138,-95.993391,35.958334
2140,-91.1403196,30.4582829
2141,-74.4056612,40.0583238
2142,-91.9623327,30.9842977
2145,-95.712891,37.09024
2146,-81.5157535,27.6648274
2150,-87.6297982,41.8781136
2152,-87.6297982,41.8781136
2153,-72.7420151,41.7620842
2154,-111.0937311,39.3209801
2155,-75.4415843,39.8301125
2156,-78.8783689,42.8864468
2157,-72.8305154,41.8096201
2158,-88.9936873,40.4842027
2162,-79.3831843,43.653226
2163,-84.2171424,33.8545479
2164,-84.5171411,32.3190398
2166,-74.0059728,40.7127753
2167,-79.2375325,40.2431278
2168,-87.6297982,41.8781136
2169,-89.2476823,48.3808951
2171,-80.7236804,35.1168131
2173,-95.712891,37.09024
2175,113.921327,-0.789275
2176,-88.2827263,43.1630285
2177,-88.7878678,43.7844397
2178,-79.9958864,40.4406248
2179,-82.9987942,39.9611755
2180,-86.7816016,36.1626638
2181,-97.2258483,33.0040126
2182,-77.5972145,41.0716929
2183,-97.5497698,35.5786128
2184,-95.8547119,36.2695388
2185,-123.1207375,49.2827291
2186,-83.4192941,42.7351196
2187,-95.9696682,36.1565259
2189,-86.4957833,30.3935337
2190,-0.5599501,51.3147593
2191,-99.9018131,31.9685988
2192,-86.0885993,35.4817431
2193,-79.9958864,40.4406248
2194,-115.1398296,36.1699412
2195,-73.134961,40.789142
2196,-74.4056612,40.0583238
2197,-83.3763218,42.4644795
2199,-75.1677594,39.939031
2200,-111.0937311,34.0489281
2202,-119.4179324,36.778261
2204,-81.5157535,27.6648274
2206,-71.4774291,41.5800945
2207,-85.1797142,42.3211522
2208,-82.4571776,27.950575
2209,-95.712891,37.09024
2210,-88.019826,44.519159
2211,-83.9844416,34.5278618
2212,-75.6971931,45.4215296
2213,-87.6235742,41.7112739
2214,-84.5120196,39.1031182
2215,-73.9441579,40.6781784
2216,-87.6297982,41.8781136
2218,-87.6297982,41.8781136
2219,-74.0059728,40.7127753
2220,-99.9018131,31.9685988
2221,-90.1994042,38.6270025
2222,-72.592111,42.105973
2223,-80.7214417,28.263933
2224,-106.346771,56.130366
2225,-74.0059728,40.7127753
2226,-74.0059728,40.7127753
2227,-87.6297982,41.8781136
2228,-85.323214,51.253775
2229,-76.1474244,43.0481221
2230,-117.1647094,32.7478638
2232,-81.7831674,32.4487876
2234,-99.9018131,31.9685988
2235,-95.7697131,34.9334298
2237,-88.4494975,43.7767385
2238,-84.2940899,34.0753762
2239,-76.9455296,38.8140024
2240,139.6917064,35.6894875
2241,-99.9018131,31.9685988
2244,-61.45814,15.5561791
2245,-87.6297982,41.8781136
2246,-95.712891,37.09024
2247,149.0123679,-35.4734679
2248,-120.5542012,43.8041334
2249,-119.4179324,36.778261
2250,-77.0469214,38.8048355
2252,-88.49765,17.189877
2253,-79.3831843,43.653226
2254,-94.5785667,39.0997265
2255,-79.0192997,35.7595731
2257,-97.7625441,35.5067215
2258,-81.2452768,42.9849233
2259,-75.451571,40.1856597
2260,-74.4056612,40.0583238
2261,-71.3824374,42.4072107
2262,-83.7404906,38.4136819
2264,-89.3985283,40.6331249
2265,-81.5215093,40.7967244
2266,113.921327,-0.789275
2267,-95.712891,37.09024
2269,-87.9064736,43.0389025
2270,-86.7816016,36.1626638
2271,-95.992775,36.1539816
2272,-70.8736698,43.1978624
2273,-91.9623327,30.9842977
2274,-96.1027371,29.3116366
2277,-98.1440774,27.2262701
2279,-81.5157535,27.6648274
2282,-93.2650108,44.977753
2283,-75.5243682,39.158168
2284,-71.3824374,42.4072107
2285,-104.990251,39.7392358
2286,-104.990251,39.7392358
2287,-95.712891,37.09024
2288,8.468946,60.472024
2289,-76.4730122,37.0870821
2290,-84.3879824,33.7489954
2291,-91.1403196,30.4582829
2292,-79.3831843,43.653226
2293,-79.0192997,35.7595731
2295,-92.2895948,34.7464809
2296,-91.8318334,37.9642529
2297,-99.9018131,31.9685988
2298,-95.712891,37.09024
2299,-76.6412712,39.0457549
2300,-71.3824374,42.4072107
2301,-82.4571776,27.950575
2302,-83.2973732,42.3944486
2305,-122.4194155,37.7749295
2306,-74.3882072,40.787878
2307,-95.712891,37.09024
2310,-88.7878678,43.7844397
2311,-80.1917902,25.7616798
2312,-95.712891,37.09024
2313,-79.973863,32.721151
2314,-78.8783689,42.8864468
2315,-78.8783585,35.0526641
2316,-70.2311655,44.0978509
2318,-79.3831843,43.653226
2319,-95.712891,37.09024
2320,-82.7535049,39.8842304
2321,-87.6544969,41.913965
2322,-95.712891,37.09024
2323,-119.4179324,36.778261
2324,-94.8191285,38.8813958
2325,-119.4179324,36.778261
2326,-2.13125,49.214439
2327,-95.712891,37.09024
2328,-63.5752387,44.6487635
2329,-120.5542012,43.8041334
2330,-73.9441579,40.6781784
2331,-78.8294768,42.7158927
2332,-76.2858726,36.8507689
2333,-87.6297982,41.8781136
2334,-93.0899578,44.9537029
2335,-73.9712488,40.7830603
2336,-84.3879824,33.7489954
2337,-80.778569,35.3212339
2338,-78.8783689,42.8864468
2339,-96.3924833,33.5128856
2340,-84.3879824,33.7489954
2341,-122.4702079,37.6879241
2342,-92.2895948,34.7464809
2344,-86.5804473,35.5174913
2345,-95.712891,37.09024
2346,-87.1111676,37.7719074
2347,-73.9441579,40.6781784
2349,-80.2213477,40.5169767
2350,11.0799504,44.5043141
2351,-83.4327033,40.6438389
2353,-75.6842858,44.5895244
2354,-74.8287747,40.1551096
2355,-79.9958864,40.4406248
2356,-81.5157535,27.6648274
2357,-2.13125,49.214439
2360,-63.5752387,44.6487635
2361,-99.9018131,31.9685988
2362,-73.087749,41.6032207
2363,-95.712891,37.09024
2364,-84.3879824,33.7489954
2365,-106.346771,56.130366
2366,-88.5115175,40.7470271
2368,-83.6874562,43.0125274
2369,-104.990251,39.7392358
2370,-104.990251,39.7392358
2371,-77.0368707,38.9071923
2372,-85.3096801,35.0456297
2376,-105.5911007,41.3113669
2377,-81.3792365,28.5383355
2378,-73.7001187,42.7742446
2379,-82.4734787,36.2942722
2380,-104.990251,39.7392358
2382,-79.453512,44.2266889
2384,-88.2720503,44.2780432
2385,-86.5804473,35.5174913
2386,-89.4012302,43.0730517
2387,-111.9260519,33.4941704
2388,-71.0588801,42.3600825
2389,-122.2913078,37.8271784
2390,-118.2436849,34.0522342
2391,-74.4056612,40.0583238
2392,-84.2700179,37.8393332
2393,-84.5120196,39.1031182
2394,-95.712891,37.09024
2397,-74.0059728,40.7127753
2400,-73.9712488,40.7830603
2401,-86.1349019,40.2671941
2402,-84.3879824,33.7489954
2403,-106.346771,56.130366
2404,-87.6235449,41.8919353
2405,-119.4179324,36.778261
2407,-95.992775,36.1539816
2409,-79.5389289,40.3014581
2410,-71.8022934,42.2625932
2411,-69.4454689,45.253783
2412,-94.6858998,46.729553
2413,-63.5752387,44.6487635
2414,-87.6746938,37.9582437
2415,-85.6023643,44.3148443
2416,-73.8648268,40.8447819
2417,-111.0937311,39.3209801
2418,-86.7816016,36.1626638
2419,-106.6055534,35.0853336
2420,-99.9018131,31.9685988
2421,-89.3985283,32.3546679
2422,-1.1743197,52.3555177
2423,-102.4107493,34.2331373
2424,-94.5785667,39.0997265
2426,-79.3831843,43.653226
2427,-77.1945247,41.2033216
2428,-57.575926,-25.2637399
2429,-73.9441579,40.6781784
2430,112.0506178,-8.0786766
2431,-83.357567,33.9519347
2432,-73.9441579,40.6781784
2433,-82.05077,29.063309
2435,-95.712891,37.09024
2437,-75.143549,39.951726
2438,-83.4430002,42.8522506
2439,-79.3831843,43.653226
2441,-80.1300455,25.790654
2442,-122.6764815,45.5230622
2443,-74.0085356,40.7480678
2444,-111.9990897,33.3057285
2445,-106.6055534,35.0853336
2446,-80.5204096,43.4642578
2448,-78.8866943,33.6890603
2449,-120.7401385,47.7510741
2456,-76.3152105,43.4797914
2459,133.775136,-25.274398
2460,-84.7675139,43.5978075
2461,-95.712891,37.09024
2462,-87.6297982,41.8781136
2463,-95.712891,37.09024
2464,-86.158068,39.768403
2468,-84.0199108,33.857328
2469,-90.0715323,29.9510658
2471,-83.0309143,40.0141905
2473,-73.9903489,40.740083
2474,-122.2711137,37.8043637
2475,-80.365865,26.190096
2476,-95.712891,37.09024
2477,-72.4134167,42.0639841
2478,-82.2542834,34.7370639
2479,-91.1403196,30.4582829
2480,-83.2784851,30.8327022
2481,133.775136,-25.274398
2482,-81.5157535,27.6648274
2483,-89.3985283,32.3546679
2486,-79.3831843,43.653226
2490,-74.0059728,40.7127753
2491,-81.5157535,27.6648274
2493,-95.712891,37.09024
2494,-95.712891,37.09024
2495,-87.6297982,41.8781136
2496,-91.8318334,35.20105
2498,-74.4056612,40.0583238
2499,-73.9441579,40.6781784
2500,-79.9279671,32.7821698
1,-95.8547119,36.2695388
4,-74.0059728,40.7127753
8,-95.8243956,29.7857853
12,-76.2874927,36.7682088
16,-95.2352501,38.9716689
22,-81.5157535,27.6648274
25,2.1734035,41.3850639
26,-95.712891,37.09024
29,-81.9775741,40.0345021
32,-94.846681,39.7674578
33,-93.2650108,44.977753
36,-86.7816016,36.1626638
37,-82.4571776,27.950575
38,-99.9018131,31.9685988
41,-87.6297982,41.8781136
44,-92.3467572,38.9505225
